{
  "all": {
    "model_path": "/Users/roheeeee/Documents/DACS/EMBER2024-artifacts/EMBER2024_all.model",
    "file_types": [
      "ALL"
    ],
    "test": {
      "n_total": 605929,
      "n_benign": 302929,
      "n_malicious": 303000,
      "roc_auc": 0.9968194829105628,
      "pr_auc": 0.9970238784364686,
      "accuracy": 0.9727509328650716
    },
    "challenge_with_test_benign": {
      "n_benign_from_test": 302929,
      "n_challenge_malware": 6315,
      "n_total_eval": 309244,
      "roc_auc": 0.9532680819378441,
      "pr_auc": 0.5623650315981111,
      "accuracy": 0.9716437505658961
    }
  },
  "PE": {
    "model_path": "/Users/roheeeee/Documents/DACS/EMBER2024-artifacts/EMBER2024_PE.model",
    "file_types": [
      "Dot_Net",
      "Win32",
      "Win64"
    ],
    "test": {
      "n_total": 539940,
      "n_benign": 269940,
      "n_malicious": 270000,
      "roc_auc": 0.9981881478531581,
      "pr_auc": 0.998314781381719,
      "accuracy": 0.9803218876171427
    },
    "challenge_with_test_benign": {
      "n_benign_from_test": 269940,
      "n_challenge_malware": 4868,
      "n_total_eval": 274808,
      "roc_auc": 0.966182193611423,
      "pr_auc": 0.6324280582881607,
      "accuracy": 0.9799278041396174
    }
  },
  "Win32": {
    "model_path": "/Users/roheeeee/Documents/DACS/EMBER2024-artifacts/EMBER2024_Win32.model",
    "file_types": [
      "Win32"
    ],
    "test": {
      "n_total": 359994,
      "n_benign": 179994,
      "n_malicious": 180000,
      "roc_auc": 0.9984451714902843,
      "pr_auc": 0.998573830082602,
      "accuracy": 0.9820302560598232
    },
    "challenge_with_test_benign": {
      "n_benign_from_test": 179994,
      "n_challenge_malware": 3225,
      "n_total_eval": 183219,
      "roc_auc": 0.9694777732901174,
      "pr_auc": 0.6712017531184933,
      "accuracy": 0.9842592744202293
    }
  },
  "Win64": {
    "model_path": "/Users/roheeeee/Documents/DACS/EMBER2024-artifacts/EMBER2024_Win64.model",
    "file_types": [
      "Win64"
    ],
    "test": {
      "n_total": 119993,
      "n_benign": 59993,
      "n_malicious": 60000,
      "roc_auc": 0.9988506475755504,
      "pr_auc": 0.9989749193878742,
      "accuracy": 0.9866992241214071
    },
    "challenge_with_test_benign": {
      "n_benign_from_test": 59993,
      "n_challenge_malware": 814,
      "n_total_eval": 60807,
      "roc_auc": 0.9502672527192055,
      "pr_auc": 0.46431209985733485,
      "accuracy": 0.9837189797227293
    }
  },
  "Dot_Net": {
    "model_path": "/Users/roheeeee/Documents/DACS/EMBER2024-artifacts/EMBER2024_Dot_Net.model",
    "file_types": [
      "Dot_Net"
    ],
    "test": {
      "n_total": 59953,
      "n_benign": 29953,
      "n_malicious": 30000,
      "roc_auc": 0.9979720317386127,
      "pr_auc": 0.998041701410241,
      "accuracy": 0.9787500208496656
    },
    "challenge_with_test_benign": {
      "n_benign_from_test": 29953,
      "n_challenge_malware": 829,
      "n_total_eval": 30782,
      "roc_auc": 0.9861450812545605,
      "pr_auc": 0.8510582185823712,
      "accuracy": 0.9706971606783185
    }
  },
  "APK": {
    "model_path": "/Users/roheeeee/Documents/DACS/EMBER2024-artifacts/EMBER2024_APK.model",
    "file_types": [
      "APK"
    ],
    "test": {
      "n_total": 48000,
      "n_benign": 24000,
      "n_malicious": 24000,
      "roc_auc": 0.9861369791666666,
      "pr_auc": 0.9870864941779258,
      "accuracy": 0.941
    },
    "challenge_with_test_benign": {
      "n_benign_from_test": 24000,
      "n_challenge_malware": 256,
      "n_total_eval": 24256,
      "roc_auc": 0.9100797526041667,
      "pr_auc": 0.2455873897249279,
      "accuracy": 0.9496207124010554
    }
  },
  "ELF": {
    "model_path": "/Users/roheeeee/Documents/DACS/EMBER2024-artifacts/EMBER2024_ELF.model",
    "file_types": [
      "ELF"
    ],
    "test": {
      "n_total": 5989,
      "n_benign": 2989,
      "n_malicious": 3000,
      "roc_auc": 0.9928835731013717,
      "pr_auc": 0.9929678192387864,
      "accuracy": 0.9654366338286859
    },
    "challenge_with_test_benign": {
      "n_benign_from_test": 2989,
      "n_challenge_malware": 386,
      "n_total_eval": 3375,
      "roc_auc": 0.9301896244780083,
      "pr_auc": 0.5997716894462695,
      "accuracy": 0.9105185185185185
    }
  },
  "PDF": {
    "model_path": "/Users/roheeeee/Documents/DACS/EMBER2024-artifacts/EMBER2024_PDF.model",
    "file_types": [
      "PDF"
    ],
    "test": {
      "n_total": 12000,
      "n_benign": 6000,
      "n_malicious": 6000,
      "roc_auc": 0.9912552777777778,
      "pr_auc": 0.9932672115475838,
      "accuracy": 0.9585833333333333
    },
    "challenge_with_test_benign": {
      "n_benign_from_test": 6000,
      "n_challenge_malware": 805,
      "n_total_eval": 6805,
      "roc_auc": 0.9062130434782609,
      "pr_auc": 0.7826800444400335,
      "accuracy": 0.9409257898603968
    }
  }
}